Workbook
Name CDSS_Step_Table: CDSS_Step_Table!$A$2:$F$39
Name CDSSTable: CDSS_Step_Table!$A$2:$F$39
Name Mapping_Table: Mapping_Table!$C$2:$D$39
Name MappingTable: Mapping_Table!$C$2:$D$39
Name NICE_Hypertension_DSS_Question: 'NICE_Hypertension_DSS_Quest '!$A$2:$F$30
Name NICE_Hypertension_DSS_Question: #REF!

Sheet NICE_Hypertension_DSS_Quest 
A1: NICE Hypertension DSS Questions Table
A2: Step | B2: Parameter | C2: Question for DSS/User | D2: Possible Answers | E2: Patient Data/Metrics Input | F2: CDSS Answer | H2: Abbreviations
A3: 1 | B3: Clinic BP | C3: What is the patient’s clinic blood pressure (mmHg) ? | D3: <140/90 | F3: =IFERROR( VLOOKUP( VLOOKUP(E3 & "_" & B3, Mapping_Table!$A$3:$C$39, 3, FALSE), CDSS_Step_Table!$C$3:$F$39, 3, FALSE ) & " - " & VLOOKUP( VLOOKUP(E3 & "_" & B3, Mapping_Table!$A$3:$C$39, 3, FALSE), CDSS_Step_Table!$C$3:$F$39, 4, FALSE ), "No recommendation found" ) -> No recommendation found | H3: ABPM = Ambulatory Blood Pressure Monitoring
D4: 140–179/90–119 | H4: HBPM = Home Blood Pressure Monitoring
D5: ≥180/120 | H5: HTN = Hypertension
B6: Postural Hypotension | C6: Does the patient have symptoms of postural hypotension (falls, dizziness) ? | D6: Yes / No | E6: no | F6: =IFERROR( VLOOKUP( VLOOKUP(E6 & "_" & B6, Mapping_Table!$A$3:$C$39, 3, FALSE), CDSS_Step_Table!$C$3:$F$39, 3, FALSE ) & " - " & VLOOKUP( VLOOKUP(E6 & "_" & B6, Mapping_Table!$A$3:$C$39, 3, FALSE), CDSS_Step_Table!$C$3:$F$39, 4, FALSE ), "No recommendation found" ) -> No significant postural drop - No action needed | H6: TOD = Target Organ Damage
B7: Device/Technique | C7: Was BP measured using a validated, calibrated device and correct technique (seated, correct cuff, both arms) ? | D7: Yes / No | E7: no | F7: =IFERROR( VLOOKUP( VLOOKUP(E7 & "_" & B7, Mapping_Table!$A$3:$C$39, 3, FALSE), CDSS_Step_Table!$C$3:$F$39, 3, FALSE ) & " - " & VLOOKUP( VLOOKUP(E7 & "_" & B7, Mapping_Table!$A$3:$C$39, 3, FALSE), CDSS_Step_Table!$C$3:$F$39, 4, FALSE ), "No recommendation found" ) -> Improper device/technique - Repeat BP using validated device and correct technique | H7: CVD = Cardiovascular Disease
A8: 2 | B8: ABPM/HBPM Confirmation | C8: Was ambulatory (ABPM) or home (HBPM) BP monitoring performed to confirm diagnosis ? | D8: Yes / No | E8: yes | F8: =IFERROR( VLOOKUP( VLOOKUP(E8 & "_" & B8, Mapping_Table!$A$3:$C$39, 3, FALSE), CDSS_Step_Table!$C$3:$F$39, 3, FALSE ) & " - " & VLOOKUP( VLOOKUP(E8 & "_" & B8, Mapping_Table!$A$3:$C$39, 3, FALSE), CDSS_Step_Table!$C$3:$F$39, 4, FALSE ), "No recommendation found" ) -> ABPM/HBPM performed - Proceed to ABPM/HBPM result | H8: CKD = Chronic Kidney Disease
B9: ABPM/HBPM Result | C9: What is the average ABPM/HBPM result (mmHg) ? | D9: ≥135/85 | E9: <135/85 | F9: =IFERROR( VLOOKUP( VLOOKUP(E9 & "_" & B9, Mapping_Table!$A$3:$C$39, 3, FALSE), CDSS_Step_Table!$C$3:$F$39, 3, FALSE ) & " - " & VLOOKUP( VLOOKUP(E9 & "_" & B9, Mapping_Table!$A$3:$C$39, 3, FALSE), CDSS_Step_Table!$C$3:$F$39, 4, FALSE ), "No recommendation found" ) -> Not confirmed by ABPM/HBPM - No HTN; repeat clinic BP in 5 years or sooner if close to threshold | H9: T2DM = Type 2 Diabetes Mellitus
D10: <135/85 | H10: CCB = Calcium Channel Blocker
A11: 3 | B11: Diabetes | C11: Does the patient have type 2 diabetes ? | D11: Yes / No | E11: no | F11: =IFERROR( VLOOKUP( VLOOKUP(E11 & "_" & B11, Mapping_Table!$A$3:$C$39, 3, FALSE), CDSS_Step_Table!$C$3:$F$39, 3, FALSE ) & " - " & VLOOKUP( VLOOKUP(E11 & "_" & B11, Mapping_Table!$A$3:$C$39, 3, FALSE), CDSS_Step_Table!$C$3:$F$39, 4, FALSE ), "No recommendation found" ) -> No diabetes - No diabetes-specific management | H11: ACEi = Angiotensin-Converting Enzyme inhibitor
B12: CKD | C12: Does the patient have chronic kidney disease (CKD) ? | D12: Yes / No | F12: =IFERROR( VLOOKUP( VLOOKUP(E12 & "_" & B12, Mapping_Table!$A$3:$C$39, 3, FALSE), CDSS_Step_Table!$C$3:$F$39, 3, FALSE ) & " - " & VLOOKUP( VLOOKUP(E12 & "_" & B12, Mapping_Table!$A$3:$C$39, 3, FALSE), CDSS_Step_Table!$C$3:$F$39, 4, FALSE ), "No recommendation found" ) -> No recommendation found | H12: ARB = Angiotensin Receptor Blocker
B13: Target Organ Damage | C13: Is there evidence of target organ damage (e.g., CKD, LVH, retinopathy, proteinuria) ? | D13: Yes / No | F13: =IFERROR( VLOOKUP( VLOOKUP(E13 & "_" & B13, Mapping_Table!$A$3:$C$39, 3, FALSE), CDSS_Step_Table!$C$3:$F$39, 3, FALSE ) & " - " & VLOOKUP( VLOOKUP(E13 & "_" & B13, Mapping_Table!$A$3:$C$39, 3, FALSE), CDSS_Step_Table!$C$3:$F$39, 4, FALSE ), "No recommendation found" ) -> No recommendation found
B14: Cardiovascular Risk | C14: What is the patient’s 10-year CVD risk (QRISK score) ? | D14: <10% | F14: =IFERROR( VLOOKUP( VLOOKUP(E14 & "_" & B14, Mapping_Table!$A$3:$C$39, 3, FALSE), CDSS_Step_Table!$C$3:$F$39, 3, FALSE ) & " - " & VLOOKUP( VLOOKUP(E14 & "_" & B14, Mapping_Table!$A$3:$C$39, 3, FALSE), CDSS_Step_Table!$C$3:$F$39, 4, FALSE ), "No recommendation found" ) -> No recommendation found
D15: ≥10%
A16: 4 | B16: Age Group | C16: What is the patient’s age group ? | D16: <55 | F16: =IFERROR( VLOOKUP( VLOOKUP(E16 & "_" & B16, Mapping_Table!$A$3:$C$39, 3, FALSE), CDSS_Step_Table!$C$3:$F$39, 3, FALSE ) & " - " & VLOOKUP( VLOOKUP(E16 & "_" & B16, Mapping_Table!$A$3:$C$39, 3, FALSE), CDSS_Step_Table!$C$3:$F$39, 4, FALSE ), "No recommendation found" ) -> No recommendation found
D17: ≥55
D18: Black ethnicity
D19: Any age with diabetes
B20: Frailty | C20: Is the patient frail or over 80 years old ? | D20: Yes / No | F20: =IFERROR( VLOOKUP( VLOOKUP(E20 & "_" & B20, Mapping_Table!$A$3:$C$39, 3, FALSE), CDSS_Step_Table!$C$3:$F$39, 3, FALSE ) & " - " & VLOOKUP( VLOOKUP(E20 & "_" & B20, Mapping_Table!$A$3:$C$39, 3, FALSE), CDSS_Step_Table!$C$3:$F$39, 4, FALSE ), "No recommendation found" ) -> No recommendation found
B21: Current Treatment | C21: What is the current antihypertensive treatment stage ? | D21: Lifestyle only | E21: Monotherapy | F21: =IFERROR( VLOOKUP( VLOOKUP(E21 & "_" & B21, Mapping_Table!$A$3:$C$39, 3, FALSE), CDSS_Step_Table!$C$3:$F$39, 3, FALSE ) & " - " & VLOOKUP( VLOOKUP(E21 & "_" & B21, Mapping_Table!$A$3:$C$39, 3, FALSE), CDSS_Step_Table!$C$3:$F$39, 4, FALSE ), "No recommendation found" ) -> Start single antihypertensive - Drug choice based on age/ethnicity/diabetes
D22: Monotherapy
D23: Dual/Triple therapy
D24: Resistant HTN
B25: BP Controlled | C25: Is the patient’s BP at target for their age ? | D25: <140/90 (<80 yrs) | F25: =IFERROR( VLOOKUP( VLOOKUP(E25 & "_" & B25, Mapping_Table!$A$3:$C$39, 3, FALSE), CDSS_Step_Table!$C$3:$F$39, 3, FALSE ) & " - " & VLOOKUP( VLOOKUP(E25 & "_" & B25, Mapping_Table!$A$3:$C$39, 3, FALSE), CDSS_Step_Table!$C$3:$F$39, 4, FALSE ), "No recommendation found" ) -> No recommendation found
D26: <150/90 (≥80 yrs)
D27: No
B28: Potassium Level | C28: What is the patient’s most recent potassium (K+) level (mmol/L) ? | D28: ≤4.5 | F28: =IFERROR( VLOOKUP( VLOOKUP(E28 & "_" & B28, Mapping_Table!$A$3:$C$39, 3, FALSE), CDSS_Step_Table!$C$3:$F$39, 3, FALSE ) & " - " & VLOOKUP( VLOOKUP(E28 & "_" & B28, Mapping_Table!$A$3:$C$39, 3, FALSE), CDSS_Step_Table!$C$3:$F$39, 4, FALSE ), "No recommendation found" ) -> No recommendation found
D29: >4.5
A30: 5 | B30: Referral Criteria | C30: Does the patient meet referral criteria? (severe BP ≥180/120 with symptoms/organ damage, or suspected secondary HTN) | D30: No referral Emergency referral Suspected secondary HTN | E30: Emergency referral | F30: =IFERROR( VLOOKUP( VLOOKUP(E30 & "_" & B30, Mapping_Table!$A$3:$C$39, 3, FALSE), CDSS_Step_Table!$C$3:$F$39, 3, FALSE ) & " - " & VLOOKUP( VLOOKUP(E30 & "_" & B30, Mapping_Table!$A$3:$C$39, 3, FALSE), CDSS_Step_Table!$C$3:$F$39, 4, FALSE ), "No recommendation found" ) -> Severe BP (≥180/120) + symptoms/organ damage - Refer same day to specialist

Sheet CDSS_Step_Table
A1: CDSS Steps Table (Target Rules)
A2: Step | B2: Parameter | C2: Code | D2: Code / Value | E2: Description | F2: Clinical Notes | H2: Summary Table Alignment
A3: 1 | B3: Clinic BP | C3: B1 | D3: B1: <140/90 | E3: Normal clinic BP | F3: No HTN diagnosis; repeat every 5 years (more if close to threshold) | H3: Step | I3: What’s Covered in Your Table | J3: NICE Guidance Reference
C4: B2 | D4: B2: 140–179/90–119 | E4: Elevated clinic BP | F4: Proceed to ABPM/HBPM for confirmation | H4: 1 | I4: Clinic BP, Postural Hypotension, Device | J4: Initial assessment
C5: B3 | D5: B3: ≥180/120 | E5: Severely elevated clinic BP | F5: Assess for symptoms/organ damage; may need urgent referral | H5: 2 | I5: ABPM/HBPM Confirmation | J5: Confirm diagnosis
B6: Postural Hypotension | C6: PH1 | D6: PH1: Yes | E6: Significant drop after standing | F6: Review meds, manage, consider referral if persistent | H6: 3 | I6: Cardiovascular Risk, Target Organ Damage | J6: Assess risk/TOD
C7: PH0 | D7: PH0: No | E7: No significant postural drop | F7: No action needed | H7: 4 | I7: Age Group, Treatment Initiation, Potassium, BP | J7: Decide and tailor treatment
B8: Device/Technique | C8: D1 | D8: D1: Yes | E8: Proper device and technique | F8: Use correct cuff, quiet environment, seated, arm supported | H8: 5 | I8: Referral Criteria | J8: Urgent/specialist referral
C9: D0 | D9: D0: No | E9: Improper device/technique | F9: Repeat BP using validated device and correct technique
A10: 2 | B10: ABPM/HBPM Confirmation | C10: M1 | D10: M1: Yes | E10: ABPM/HBPM performed | F10: Proceed to ABPM/HBPM result
C11: M0 | D11: M0: No | E11: No out-of-clinic confirmation | F11: Diagnosis incomplete; must confirm with ABPM/HBPM
B12: ABPM/HBPM Result | C12: M2 | D12: M1: ≥135/85 | E12: Confirmed HTN by ABPM/HBPM | F12: Confirm diagnosis; proceed to risk assessment
C13: M3 | D13: M2: <135/85 | E13: Not confirmed by ABPM/HBPM | F13: No HTN; repeat clinic BP in 5 years or sooner if close to threshold
A14: 3 | B14: Diabetes | C14: T2DM | D14: T2DM: Yes | E14: Diabetes present | F14: Consider as high-risk; guides drug choice and treatment threshold
C15: NO_T2DM | D15: NO_T2DM: No | E15: No diabetes | F15: No diabetes-specific management
B16: CKD | C16: CKD_Y | D16: CKD: Yes | E16: CKD present | F16: High-risk; may influence drug choice and monitoring
C17: CKD_N | D17: NO_CKD: No | E17: No CKD | F17: No CKD-specific management
B18: Target Organ Damage | C18: TOD_Y | D18: TOD: Yes | E18: Evidence of organ damage | F18: Requires further investigation and may influence treatment decision
C19: TOD_N | D19: NO_TOD: No | E19: No evidence of organ damage | F19: Continue standard assessment
B20: Cardiovascular Risk | C20: C1 | D20: C1: <10% | E20: Low 10-year CVD risk | F20: May delay drug treatment in Stage 1 HTN
C21: C2 | D21: C2: ≥10% | E21: High CVD risk or Target Organ Damage | F21: Indication for drug treatment even in Stage 1 HTN
A22: 4 | B22: Age Group | C22: AG1 | D22: A1: <55 | E22: ACEi/ARB preferred | F22: Step 1 drug for younger adults
C23: AG2 | D23: A2: ≥55 | E23: CCB preferred | F23: Step 1 drug for older adults
C24: AG3 | D24: A2: Black ethnicity | E24: CCB preferred | F24: Step 1 drug for Black ethnicity
C25: AG4 | D25: A1: Any age with diabetes | E25: ACEi/ARB preferred | F25: Step 1 drug for diabetes
B26: Frailty | C26: FR_Y | D26: A3: Yes | E26: Frail or over 80 years | F26: Consider less aggressive targets; individualize care
C27: FR_N | D27: A0: No | E27: Not frail/under 80 | F27: Standard targets apply
B28: Current Treatment | C28: T1 | D28: T1: Lifestyle only | E28: Non-pharmacological management | F28: For low-risk, Stage 1 HTN
C29: T2 | D29: T2: Monotherapy | E29: Start single antihypertensive | F29: Drug choice based on age/ethnicity/diabetes
C30: T3 | D30: T3: Dual/Triple therapy | E30: Add second/third agent | F30: Escalate if BP target not achieved
C31: T4 | D31: T4: Resistant HTN | E31: Consider 4th agent (spironolactone/alpha/beta blocker) | F31: Check potassium before spironolactone; seek specialist advice if needed
B32: BP Controlled | C32: BP1 | D32: BP1: <140/90 (<80 yrs) | E32: Clinic BP target for <80 years | F32: ABPM/HBPM <135/85
C33: BP2 | D33: BP2: <150/90 (≥80 yrs) | E33: Clinic BP target for ≥80 years | F33: ABPM/HBPM <145/85
C34: BP_NT | D34: NO_TARGET: No | E34: BP not at target | F34: Escalate treatment as per NICE steps
B35: Potassium Level | C35: K1 | D35: K1: ≤4.5 | E35: Safe for spironolactone | F35: For resistant HTN
C36: K2 | D36: K2: >4.5 | E36: Use alpha/beta blocker | F36: For resistant HTN
A37: 5 | B37: Referral Criteria | C37: S0 | D37: S0: No referral | E37: Routine management | F37: Manage in primary care
C38: S1 | D38: S1: Emergency referral | E38: Severe BP (≥180/120) + symptoms/organ damage | F38: Refer same day to specialist
C39: S2 | D39: S2: Suspected secondary | E39: Features suggest secondary HTN | F39: Consider specialist referral

Sheet Mapping_Table
A1: Mapping Table: User Answer → Code
A2: Lookup Key | B2: User Answer | C2: Code | D2: Parameter
A3: =B3 & "_" & D3 -> <140/90_Clinic BP | B3: <140/90 | C3: B1 | D3: Clinic BP
A4: =B4 & "_" & D4 -> 140–179/90–119_Clinic BP | B4: 140–179/90–119 | C4: B2 | D4: Clinic BP
A5: =B5 & "_" & D5 -> ≥180/120_Clinic BP | B5: ≥180/120 | C5: B3 | D5: Clinic BP
A6: =B6 & "_" & D6 -> yes_Postural Hypotension | B6: yes | C6: PH1 | D6: Postural Hypotension
A7: =B7 & "_" & D7 -> No_Postural Hypotension | B7: No | C7: PH0 | D7: Postural Hypotension
A8: =B8 & "_" & D8 -> Yes_Device/Technique | B8: Yes | C8: D1 | D8: Device/Technique
A9: =B9 & "_" & D9 -> no_Device/Technique | B9: no | C9: D0 | D9: Device/Technique
A10: =B10 & "_" & D10 -> yes_ABPM/HBPM Confirmation | B10: yes | C10: M1 | D10: ABPM/HBPM Confirmation
A11: =B11 & "_" & D11 -> No_ABPM/HBPM Confirmation | B11: No | C11: M0 | D11: ABPM/HBPM Confirmation
A12: =B12 & "_" & D12 -> ≥135/85_ABPM/HBPM Result | B12: ≥135/85 | C12: M2 | D12: ABPM/HBPM Result
A13: =B13 & "_" & D13 -> <135/85_ABPM/HBPM Result | B13: <135/85 | C13: M3 | D13: ABPM/HBPM Result
A14: =B14 & "_" & D14 -> Yes_Diabetes | B14: Yes | C14: T2DM | D14: Diabetes
... A39: =B39 & "_" & D39 -> Suspected secondary HTN_Referral Criteria | B39: Suspected secondary HTN | C39: S2 | D39: Referral Criteria

Sheet User Guide – NICE Hypertension 
X1: `
P2: Abbreviations - | S2: User Guide – NICE Hypertension DSS System Clinical Decision Support for Hypertension Management
Q3: ABPM = Ambulatory Blood Pressure Monitoring
Q4: HBPM = Home Blood Pressure Monitoring
Q5: HTN = Hypertension
Q6: TOD = Target Organ Damage | Y6: How to Use the Table -
Q7: CVD = Cardiovascular Disease
Q8: CKD = Chronic Kidney Disease | AA8: 1. In the column “Patient Data/Metrics Input,”
Q9: T2DM = Type 2 Diabetes Mellitus | AA9: enter one of the predefined answers listed in the Possible Answers column on the left.
Q10: CCB = Calcium Channel Blocker
Q11: ACEi = Angiotensin-Converting Enzyme inhibitor | AA11: 2. After you enter a value,
Q12: ARB = Angiotensin Receptor Blocker | AA12: a clinical recommendation will automatically appear in the “CDSS Answer” column.
AA14: 3. Each recommendation is color-coded to reflect its clinical significance.
Z16: Clinical Meaning -
Y18: No clinical concern – No action needed
Y20: Attention required – Monitor or follow up
Y22: Urgent clinical concern – Immediate action needed
